{"event": {"header": {"namespace": "Alexa.Discovery", "name": "Discover.Response", "messageId": "1b07d5a6-6bec-4a0b-af80-a8b7c1ed29df", "payloadVersion": "3"}, "payload": {"endpoints": [{"endpointId": "travel_state", "manufacturerName": "GaborTech", "friendlyName": "Travel State", "description": "Virtual switch tracking waiting/coming/leaving", "displayCategories": ["SWITCH"], "capabilities": [{"type": "AlexaInterface", "interface": "Alexa.ModeController", "instance": "TravelState", "version": "3", "properties": {"supported": [{"name": "mode"}], "proactivelyReported": false, "retrievable": true}, "configuration": {"ordered": false, "supportedModes": [{"value": "waiting"}, {"value": "coming"}, {"value": "leaving"}]}}, {"type": "AlexaInterface", "interface": "Alexa", "version": "3"}]}]}}}