{"errorMessage": "An error occurred (AccessDeniedException) when calling the GetItem operation: User: arn:aws:sts::719137109375:assumed-role/AlexaSkillCognitoAdmin/SwitchTracker is not authorized to perform: dynamodb:GetItem on resource: arn:aws:dynamodb:eu-west-1:719137109375:table/switchEvents because no identity-based policy allows the dynamodb:GetItem action", "errorType": "ClientError", "requestId": "d8d44670-51d2-430c-8fd8-781b1a9da9f3", "stackTrace": ["  File \"/var/task/app/lambda_function.py\", line 56, in lambda_handler\n    return handle_report_state(event)\n", "  File \"/var/task/app/lambda_function.py\", line 154, in handle_report_state\n    current_mode = get_current_mode()\n", "  File \"/var/task/app/lambda_function.py\", line 218, in get_current_mode\n    resp = table.get_item(Key={\"PK\": \"travel_state\", \"SK\": \"TravelState\"})\n", "  File \"/var/task/boto3/resources/factory.py\", line 581, in do_action\n    response = action(self, *args, **kwargs)\n", "  File \"/var/task/boto3/resources/action.py\", line 88, in __call__\n    response = getattr(parent.meta.client, operation_name)(*args, **params)\n", "  File \"/var/task/botocore/client.py\", line 553, in _api_call\n    return self._make_api_call(operation_name, kwargs)\n", "  File \"/var/task/botocore/client.py\", line 1009, in _make_api_call\n    raise error_class(parsed_response, operation_name)\n"]}